20.103679545911522, 21.954625611784216, 20.116728022199762, 26.90067082937885, 23.828771552575134, 29.909795074830534, 31.28684419628149, 28.234380884596934, 22.239928361167557, 16.228813145201503, 0.5144348242674998, 1.1288393360364748, 1.6784490311092468, 2.1144836149738024, 2.1109169807362216, 1.5717395498259392, 2.487708378067859, 1.2252972316713857, 0.5990484709553512, -2.335123011950108, 2.4004293870268127, 0.7871547186816052, -2.154114098461168, 1.6133018037674376, -2.7233098128296414, -2.879277250362991, -2.998607281803425
20.196846292373962, 21.772044017817436, 19.993873352254514, 26.858244941497574, 23.681882468307474, 29.561528427900747, 31.626917049774878, 28.415417454849063, 22.44689147500673, 14.753113678668987, 0.5198703628679623, 1.1324861913094217, 1.714565790907052, 2.127654435992333, 2.0920741004318897, 1.5702287256731435, 2.468796786128405, 1.214895942075542, 0.6777859623314118, -2.2666918250392114, 2.373083661071454, 0.758378370772017, -2.161891173670912, 1.6374337608340372, -2.6925375586876616, -2.8589147496226746, -3.084740498442706
20.16808778480665, 21.907931957171755, 20.132186206366168, 26.402078504007974, 23.519994239794105, 28.977398829807534, 31.505846456760004, 28.631908507850607, 22.350388994208398, 16.258928421226905, 0.5203652445993369, 1.1122307257603092, 1.6787510265701784, 2.157784414560304, 2.118054447731035, 1.6280769333683784, 2.489755924657714, 1.2329661463812596, 0.5758253159815324, -2.2763312108758536, 2.3444664083763898, 0.8079393656422744, -2.1934818173641273, 1.7219644931353337, -2.7904708574696966, -2.897136108309183, -2.9658764857933746
20.197391595916525, 21.815748720889676, 19.888388893667685, 26.4701240995913, 23.6787280133734, 29.34704655284262, 31.752743587447775, 28.122037053535564, 22.270159373103873, 14.997908029348034, 0.519383977898623, 1.1229116233588818, 1.6522273596331736, 2.1712258201741523, 2.099220868423706, 1.598726264838017, 2.4325481133661673, 1.2502513533684596, 0.6828750217169436, -2.2772589605344282, 2.385976681255383, 0.8683928422598701, -2.2019345945755484, 1.6442433883093353, -2.7352731186747317, -2.8666705752503496, -3.10136922190535
20.20676023970232, 21.752716840002183, 20.053111929505402, 26.973850688541322, 23.710298975519855, 29.013414521750544, 31.61198186876552, 28.72754501121257, 22.261797886337888, 16.233680974462356, 0.5254297827956173, 1.117886082426669, 1.662244378172455, 2.121010686308073, 2.083236774941708, 1.6133467459942323, 2.491666280794575, 1.2367022019033787, 0.5850976286805055, -2.3072342658486815, 2.425338049973065, 0.788140076204322, -2.155190808873688, 1.7112438246778876, -2.7156506196194434, -2.9528169221979126, -2.9260628963466937
20.219802879289578, 21.775711451743874, 21.77483857478576, 26.993087029376046, 23.720262244022624, 29.03180279168011, 31.67299167406343, 28.308901168961192, 22.38922688952437, 15.985700407347194, 0.5266762424004494, 1.1319889867694404, 1.8114420572475662, 2.122920803340832, 2.0630198093677152, 1.6143211244657771, 2.4936708861872865, 1.2281952670828706, 0.5756991847623664, -2.1686992393187032, 2.3459283239849578, 0.838962770371298, -2.174033299611921, 1.7310211613501716, -2.7577617336090423, -2.8914396529712043, -3.0411227545928132
20.184789744156458, 21.66107342719395, 20.435527856897576, 26.504531702568674, 22.9495458520969, 28.835343579301668, 31.6608158395656, 28.453255314918557, 22.268141724878447, 14.155063577416442, 0.5245185671669877, 1.1196931979054996, 1.6583491771628682, 2.226137187827668, 2.146290960703322, 1.614607692284367, 2.464986780726109, 1.2439895540743335, 0.683017956560426, -2.3451581744309653, 2.387004686214674, 0.9181663359522236, -2.314715307240956, 1.6433167981546861, -2.7644432264157865, -2.9113498356611447, -3.0639940815058884
20.204180062144076, 21.81503359631225, 19.98812904101882, 26.683262543071752, 23.527416236487277, 29.031089084972496, 32.09022373119316, 28.20286227856699, 22.24146490744505, 14.875441749323269, 0.5214914365797387, 1.126609991363326, 1.6729947225424233, 2.195529538624383, 2.124295800062133, 1.6077113401265228, 2.476442802915498, 1.2379028237966523, 0.6766378640895286, -2.2920113629203587, 2.4180879540729956, 0.8828801623364966, -2.2572268868770893, 1.6954257615393087, -2.759278327629781, -2.8696972525090008, -3.0809622151055778
20.242054524541686, 21.865456609206557, 19.73985829184751, 26.517659876972004, 23.576756742999876, 29.16735257900115, 31.619833919895086, 28.567388954159654, 22.427563321798043, 15.855283997843149, 0.5228968901764475, 1.1157988203520048, 1.6568051008958262, 2.122657137710061, 2.0812151727864676, 1.6174382851654996, 2.454162087042116, 1.2567569380131987, 0.5593995777202213, -2.2931689328904854, 2.3621603472834884, 0.8258491920326801, -2.1998319172394116, 1.5996075942070866, -2.729366462919267, -2.9472973246965846, -2.9475424660230503
20.1021436908545, 21.881112881286487, 20.78988568988586, 26.391993172049755, 23.86808895731897, 28.76145115604551, 31.879938624120406, 28.381207288823727, 22.30997239737766, 16.21483024257158, 0.5231770187124775, 1.1179988688886748, 1.6782639248048385, 2.1557543478693497, 2.1150386048259664, 1.6608939356967014, 2.4424847217134746, 1.2278267131116978, 0.5811531639353805, -2.2693570209629224, 2.376454385598226, 0.8984701617591884, -2.203838409010866, 1.7402277223547862, -2.8606815049996346, -2.85058745588846, -3.009794658790743
20.197457988523674, 21.79346703252098, 20.150723067284066, 26.27625829969593, 23.702836767325337, 29.3101714487329, 31.558471145682518, 28.30553323788259, 22.363845073703068, 15.952790531145105, 0.5236355829442563, 1.1176326041057842, 1.6706086348552964, 2.1799061426555895, 2.097181689093461, 1.588140307040032, 2.477290626493114, 1.239550714781723, 0.5785009243254454, -2.316845065496584, 2.3707173221159135, 0.8520400174054137, -2.1975422734723393, 1.6312616269846287, -2.6947659543642284, -2.895515240003012, -3.0214458293186204
20.06917880722894, 21.823003407082975, 19.638260802542312, 26.51999184767736, 23.812426957078713, 29.533025207354036, 32.1941430139997, 28.48974369722342, 22.28669452093726, 14.937887449149262, 0.5175501843483132, 1.1358493423652176, 1.6682443315120803, 2.1680536608713235, 2.081798689499012, 1.5661778395827124, 2.477360688099364, 1.2270282795398322, 0.6695477186667707, -2.276383341175418, 2.3341943385015407, 0.8233017970135061, -2.2130878051027993, 1.7075103672766128, -2.7310016200974463, -2.859863439318353, -3.0904916079456672
20.202345570929623, 21.657750345808317, 19.647315038393604, 26.87830035525113, 23.637980353775596, 29.0838679777558, 31.59508195818323, 28.45487879084034, 22.210575663785757, 16.34380374127309, 0.5235121841732412, 1.1281432184057822, 1.6640269628758988, 2.153560509546577, 2.070981373239471, 1.6191397204536393, 2.486542407104183, 1.237252505885881, 0.5946530747401206, -2.36916926717361, 2.4346944091164064, 0.8404913667252965, -2.1892463581016317, 1.7291291468036798, -2.722082349907771, -2.935373892310998, -2.9662673574402665
20.180333098268694, 21.856695126449907, 20.099192586807288, 26.76531541759912, 23.85535102008963, 29.200049845643015, 31.67581807174306, 28.57146030496434, 22.326013580841472, 16.372212969538296, 0.5233307922256761, 1.1175938691031808, 1.6805386992678892, 2.1381570188185886, 2.084648737977927, 1.6071511499794562, 2.4753325667813564, 1.2287629238037054, 0.5720983079366584, -2.314501520377361, 2.4025586200846045, 0.7863703653164702, -2.1856295752550317, 1.7246677005154267, -2.747010659626267, -2.934774314091156, -2.927671852889504
20.181522112597758, 21.803842456239483, 20.08046533959821, 27.044192597224438, 23.783751221440006, 29.834431909253638, 31.576145280514798, 28.316214196219402, 22.15382879167183, 15.499729746376481, 0.5243441845124817, 1.123777014045229, 1.6524928241975978, 2.120549537091778, 2.124142629329913, 1.583179842450384, 2.447233881937555, 1.244612235613172, 0.6340715695060535, -2.3185820492858626, 2.4116941894536987, 0.8058576054033572, -2.1351420115220927, 1.6309013036977638, -2.7192352040433514, -2.8120964555580614, -2.9343575209584047
20.156083258267284, 21.893659557620396, 20.045148013380317, 26.858330199871418, 23.91991372681727, 29.072391757021816, 31.721768367517857, 28.256976393519107, 22.26022562268455, 15.96761163125913, 0.5194649549183823, 1.123844794992744, 1.6730736621755704, 2.1260359287532213, 2.0932931111998445, 1.6103243053815024, 2.4832991444259553, 1.2300508656010607, 0.6176389583858636, -2.305290446129949, 2.3975975424934606, 0.7727758320495838, -2.1616198078116784, 1.7170233155661105, -2.743855507543687, -2.919983977537311, -2.982766832531629
20.17584902722297, 21.837660771922764, 19.992574241011912, 26.44552151123849, 23.768849351786407, 29.052081675886647, 31.698499529641868, 28.45802956329224, 22.312439041191038, 15.978301364505684, 0.5239380670946286, 1.125726072976682, 1.6567134090958677, 2.1589495568255703, 2.0711140490542332, 1.6053786694623637, 2.467356463873477, 1.2578603749511101, 0.6047909623985119, -2.305960146522542, 2.3957406339577205, 0.8579472959321423, -2.2045808159601323, 1.6706448774793943, -2.7123517181993386, -2.996366923078562, -2.8851723065679757
20.111225414002746, 21.95155026584638, 20.223690384486464, 26.284873973311285, 23.76174481345663, 29.42585149326201, 31.736422016333066, 28.47956680104159, 22.29432476155639, 16.10285904985653, 0.521539251287641, 1.120240569500054, 1.6916217886854177, 2.1698028741652853, 2.115984013210464, 1.5751420723277971, 2.4734145015470106, 1.2378612031273286, 0.5680566264235721, -2.3202854926051604, 2.357763684083814, 0.8268974857339121, -2.182640896675782, 1.6308776370310665, -2.69178976910707, -2.9389345016507358, -2.930335305351612
20.150638781376067, 21.984185848702054, 20.4103271002722, 26.483887419691182, 23.805256138545978, 29.036293187350566, 31.85626848449629, 28.1984635118476, 22.29127280907425, 14.916464258997838, 0.5158685848342444, 1.1154846199667958, 1.7162725446695264, 2.1680657358969637, 2.0745163895076777, 1.6142404100054861, 2.4442280086201165, 1.2410822334272662, 0.69446879901125, -2.3327286918638266, 2.361950278778186, 0.8429912915955095, -2.25265998057987, 1.7211171284516453, -2.7212775004613143, -2.924697953331893, -3.108209830305059
20.15991989206529, 21.80365088892382, 20.206090480970456, 26.562647298341542, 23.75989441983971, 29.07919383811845, 31.687670665123978, 28.064035172113222, 22.339835790742733, 16.25432136280534, 0.5176982665459361, 1.1269489541646958, 1.6892698012255611, 2.156660899425082, 2.069711337555653, 1.6319172163985451, 2.4423203349666607, 1.2415029590167057, 0.5723979893845442, -2.2869296862499215, 2.372615096325053, 0.8019180069840784, -2.2017590289051254, 1.7322486346322958, -2.703874485696031, -2.914336807543908, -2.939412434085689
20.199309246833568, 21.89937981510198, 20.32948960101677, 27.575099106076955, 23.985091651622454, 28.597472996982976, 31.675104793076162, 27.834279817780946, 22.45176593391004, 15.031297712881669, 0.5166125999651722, 1.1174731836766822, 1.7512568279129457, 2.0662745412492765, 2.0949743229589575, 1.7096656029045532, 2.4127151662210307, 1.2429268669146625, 0.674338559983694, -2.3267299347542645, 2.427660190369965, 0.726884727507301, -2.1374914272379675, 1.9065123678539964, -2.852473739550778, -2.8374706954120366, -3.0552268639333833
20.196539121938464, 21.620880896509533, 20.028024514627948, 26.899801903388393, 23.840775052505506, 29.386827400336518, 31.67191401044132, 28.52262986896175, 22.11899699642805, 16.261938963758073, 0.5266113114208296, 1.132640725446136, 1.7058801271778374, 2.099297907559998, 2.115683218099679, 1.5952593982767498, 2.4775456038392276, 1.241335671654068, 0.5974966528495106, -2.290252266034338, 2.3575672014299296, 0.7506574426877385, -2.1631810715475335, 1.6483647780504231, -2.7219213250637946, -2.905021275759482, -2.9434513096673722
20.212602053793816, 21.88559725491425, 20.041633352720257, 27.029591616733423, 23.700515853553757, 29.73094681808627, 31.81557923529896, 28.50270181177524, 22.323230038447928, 16.34541671330113, 0.5234526343368098, 1.1175202984269725, 1.71053675859913, 2.1112838434479557, 2.1246143692205735, 1.5553838382283036, 2.4763835835662547, 1.2258058934531448, 0.5983508782324989, -2.296600533462953, 2.410803156970611, 0.7264544516379432, -2.1359591691741615, 1.613126457547186, -2.698639027462782, -2.879145755979535, -2.9624496174213353
20.200415500007814, 21.80954632603315, 20.176883155142374, 26.80389150225031, 23.8550358440154, 29.648986926946993, 31.6732546498196, 28.583837705759855, 22.301268867689974, 16.47925866223957, 0.5231744858471719, 1.1204489361997283, 1.715704315975855, 2.1496158504840266, 2.114738409413599, 1.5621859456973943, 2.480227890956637, 1.2433005356788704, 0.6024330423936909, -2.3175324692603145, 2.406580568707591, 0.7759149699345234, -2.1625160524825584, 1.5960441752506467, -2.6852512390822576, -2.934148236115632, -2.95700513646998
20.23493116575084, 21.725769262696886, 20.224909683764842, 26.714781037453477, 23.616716665913128, 28.829325172977946, 31.844265188833724, 28.618660871370036, 22.274049217764365, 15.443068297961045, 0.5264607557129964, 1.1210390189006145, 1.6895981481469506, 2.159004641601299, 2.0913024316902806, 1.6225770536572033, 2.4695872453361307, 1.2394531401395896, 0.6410433904640878, -2.3292335114188356, 2.4019893859671493, 0.8438768289041273, -2.1902219529882516, 1.752206237878556, -2.6771671237891677, -2.904342783550482, -2.9714192542335107
20.194351266958254, 21.922272192770045, 20.086808238137863, 26.382566787824594, 23.77640931245196, 29.040745388959685, 31.78968100850253, 28.631677598542186, 22.359769026559455, 16.129059586532488, 0.5209964585130347, 1.116924366458383, 1.6507713343650836, 2.1811878637493045, 2.0834866468888413, 1.6103348610150405, 2.4791469207137498, 1.2458158616924853, 0.5712254417058659, -2.3041483813321526, 2.388884606201674, 0.8773427162255016, -2.234596392067851, 1.7321175976484187, -2.738966946477344, -2.9599616937043494, -2.9078403689506795
20.186127000866314, 21.825940654320604, 20.124437926571268, 26.904298335340005, 23.823205785596322, 29.879212803747258, 31.51635785846452, 28.547819836773915, 22.236827249251725, 15.673727047197838, 0.5236515829557663, 1.1178981594890613, 1.6787562150978095, 2.1384793610082986, 2.130122834001173, 1.5632474098897222, 2.49647884225083, 1.2229676297593766, 0.6133021280300804, -2.3156581584452134, 2.425091895734293, 0.7964704267282412, -2.1492323631944723, 1.6279001078875006, -2.751155898508537, -2.848464426092009, -3.02197139222398
20.190916616114777, 21.906931935323573, 20.19854355130815, 26.568156449985867, 23.744976292309623, 29.338618935554504, 31.694160477429758, 28.537619856957974, 22.31438657967656, 14.813827992610477, 0.5255443192416573, 1.1166592353257472, 1.661101730591804, 2.1796484683760413, 2.1040759526904256, 1.5821403315446438, 2.4750063080667797, 1.2216096160434937, 0.672414082537185, -2.333549296546339, 2.3974694726589116, 0.8741844746325867, -2.2206614120148256, 1.626289204407891, -2.6783988429759082, -2.8642573901474586, -3.0831721627158983
20.186538687353213, 21.956607064497945, 19.742746610031766, 27.158441876678438, 23.9000529349672, 28.710609966397307, 32.28906982700264, 28.620719665379156, 22.28121371247787, 16.151405410080727, 0.5199272852186259, 1.124583757849695, 1.7242022642483923, 2.1233413421675578, 2.120387218266893, 1.6277223149447626, 2.469888077431173, 1.2397252647429835, 0.5959085449574348, -2.3149050653877143, 2.403954078044693, 0.7256471540765853, -2.2206178128406444, 1.757763561632198, -2.8107237069756903, -2.894033127953193, -2.9757450291357004
20.175555064306526, 21.837724329326647, 20.12710025137864, 26.934590681501845, 23.66714561304738, 29.058569276518227, 31.544465941551813, 28.07948166931743, 22.341921868341508, 16.113816634572103, 0.5210086148558071, 1.1159318239760683, 1.6933921468438382, 2.133888107980398, 2.0782237193825632, 1.610858875729122, 2.4863546701000563, 1.2310248372732395, 0.5817204547490116, -2.302246105650421, 2.408205953490485, 0.7675304849593154, -2.1736141492757604, 1.730673415695514, -2.7625762351085306, -2.9173787479922164, -3.0669793415714803
20.213889138781433, 21.817594681424218, 19.909379721282935, 26.387423074331167, 23.503211908172254, 29.401838416263377, 31.89498793487632, 28.544081556435216, 22.337958589733535, 16.259352108977804, 0.5265557579170622, 1.130528030088588, 1.6433641279367053, 2.17671127236879, 2.0859742572839486, 1.5777693602844367, 2.47638341391235, 1.2451397367775063, 0.565247417783627, -2.302816348628926, 2.3477847765756654, 0.8507021268435346, -2.203608303926547, 1.672035875730365, -2.700553185064894, -2.9364406578953246, -2.907710826540378
20.15760469300665, 21.976487767008855, 20.086898956986587, 26.880618005698945, 23.76804350965293, 29.69701993286956, 31.25301980723203, 28.653829462692876, 22.21535505194227, 16.27691424588386, 0.5166455250564954, 1.1089951548777635, 1.7066534662104988, 2.120126293944081, 2.090841002262081, 1.5761864325458095, 2.479023924363567, 1.2234459226407965, 0.5889415175304633, -2.2865188310746505, 2.363433159885788, 0.7323386178428687, -2.133254081544485, 1.6630291242804742, -2.6750123963834396, -2.944523110809352, -2.9215412641542007
20.17576998204747, 21.915917907469453, 20.0801292636244, 26.83773502026436, 23.719759740280637, 29.80726963716466, 31.54263656809005, 28.453498398633016, 22.321628641300418, 16.41071539330699, 0.5209707371814246, 1.1177785311295405, 1.6789752912376963, 2.1356296713504315, 2.1190462620756803, 1.5667681080680764, 2.4725100457709726, 1.2545926995545547, 0.5880163500184439, -2.3066160918810543, 2.4097402438814925, 0.7787065073142817, -2.1309908631714714, 1.6295325202702136, -2.7033428915488154, -2.903962153792197, -2.9374127205938008
20.10500610606837, 21.85571096370627, 19.324327289321328, 26.60996231100392, 23.726066049623252, 29.033813177482045, 31.606705048454085, 28.18415769615209, 22.37589652528341, 16.305035256769923, 0.5168653900782542, 1.1274490555792456, 1.649036778992993, 2.1593770377832207, 2.1318720504346476, 1.6166527963883512, 2.4963514975096235, 1.23364910861811, 0.5948627444035578, -2.304967916934246, 2.3739406459262327, 0.7927132672533865, -2.2436450194134303, 1.6755732211413683, -2.769450422852846, -2.8956365838016205, -2.981820436523682
20.196389057630242, 21.93465440734756, 20.309691540200262, 27.211147268214322, 24.004818656316605, 29.425878103754425, 31.401100071482833, 28.043443352036373, 22.33382782107899, 16.136275943742472, 0.5196504028224049, 1.1163382506037383, 1.8036127247642686, 2.1036074040091783, 2.0836666406095654, 1.5936417728817804, 2.4128918362303384, 1.2579419487422716, 0.5534725015796307, -2.308644982676739, 2.423952057862873, 0.7122003326410518, -2.1414884572058126, 1.6744103109377828, -2.6098934022450724, -2.963802324895811, -2.9464870185143948
20.19754105699156, 21.813549074973132, 19.890364144340392, 26.2664595907391, 23.685137041501815, 28.98034150494224, 31.82756496620193, 28.428140243417335, 22.293650634112446, 14.967424947026203, 0.5218513045116133, 1.114623942305604, 1.6642552093054794, 2.1674991853756698, 2.065127018972443, 1.6229932901464699, 2.456308679867839, 1.2306388906357362, 0.6696203978912263, -2.2644365204279437, 2.3462955564141845, 0.8041620791572015, -2.2201351125554143, 1.7463613464590657, -2.720483209704404, -2.87393322258599, -3.101331733994012
20.12049494238153, 22.03268296048397, 20.278416738914032, 27.532154658049013, 24.250539502361033, 29.53436569540558, 31.568363158001286, 28.54040767398218, 22.20032787364635, 15.009440045214854, 0.518825800223102, 1.1204807834805557, 1.7285536947140394, 2.0598478791362367, 2.12273040745547, 1.5846068065474146, 2.4512198633018083, 1.2619165599012934, 0.6795422964230033, -2.3754204572465345, 2.4669456379209813, 0.7575550700953728, -2.087478087885331, 1.6912857229590164, -2.657297759968804, -2.9545795897625102, -2.947622712745011
20.20454282290635, 21.86038694666674, 20.151551839112887, 26.23072584624257, 23.74750522115807, 29.798909614513814, 31.431262420477456, 28.321815748265337, 22.350014468937506, 15.960457910475625, 0.5228821340063259, 1.1161074346711464, 1.6587487817731128, 2.173880337458481, 2.1125003158898132, 1.5633492092466714, 2.4772422976697888, 1.240941342859492, 0.5806979401785575, -2.3142042776233502, 2.3719661239948913, 0.8444679302170335, -2.1665129588261323, 1.6071269434196072, -2.6994256253744826, -2.920194289611205, -3.0097743238276013
20.192481623630563, 21.987378986708308, 20.06405563578782, 26.359948041075974, 23.94289624515369, 29.27524025852806, 31.90820600942939, 28.046345149343438, 22.15372663153856, 16.464286399687687, 0.5170218636492467, 1.1015813181514824, 1.687927031677463, 2.137766573099031, 2.0870524641052732, 1.5980420616581694, 2.4672413137578713, 1.214682183675765, 0.5849915349192183, -2.26144491158942, 2.3299535597724894, 0.8097192250286052, -2.2067707102891028, 1.711635505513159, -2.8663635638699385, -2.8020961021044246, -2.9664535589576646
20.19001501557777, 21.78453781681539, 19.899635072520653, 26.94124933654989, 23.778049284073685, 29.72403319907709, 31.365241791279328, 28.608500958284154, 22.324990624294333, 16.489172358174866, 0.5155488560279767, 1.1408354198221662, 1.6909756190516552, 2.115020458553299, 2.1229091075602007, 1.5698829476206249, 2.4694004695181917, 1.2412080704709916, 0.5632303808200047, -2.296679107707859, 2.3518633593565315, 0.7554182539476639, -2.1270607084136945, 1.597255880698054, -2.693447207305161, -2.932095891120336, -2.9010159704872813
20.1801774225638, 21.835616238921627, 20.15705254974112, 26.73750480578182, 23.609502974154584, 29.27282039714016, 31.552678285158237, 28.328289358403758, 22.254906894459523, 16.43017381788793, 0.5219355884646154, 1.117750784038406, 1.6963312178951944, 2.1296788088405014, 2.078943493561387, 1.6018449822713403, 2.4677332705354194, 1.2605283401263647, 0.6394663585169872, -2.304474630387612, 2.3856454744475633, 0.7525168985280984, -2.1434011487964426, 1.7100398958547627, -2.708726647291194, -2.982831170940956, -2.980144286205643
20.160674319035653, 21.649587516687628, 20.80730371470136, 26.61400309380924, 23.432777347778323, 28.997195588303175, 31.495227183421033, 31.428097246616527, 22.235000093771866, 14.67141311613946, 0.5281714102298128, 1.1368648445943779, 1.7103539307677118, 2.110653216537659, 2.07853611054695, 1.6884553918789411, 2.602375579396078, 1.108653988028402, 0.6764001753915969, -2.3983145500672567, 2.428349938688292, 0.7637935838473437, -2.171053265535573, 1.8179911106895468, -2.9503601372042034, -2.7001231520667175, -3.016280406274541
20.22984641790076, 21.91637292444741, 20.018801415642773, 26.648647381344816, 23.493266011256015, 28.951564059313124, 31.793424743621546, 28.53562789720856, 22.30745526740426, 14.678375929189857, 0.5220923425994162, 1.1179884187842912, 1.6597984332829379, 2.165074390983833, 2.0764121593390072, 1.6064469185640493, 2.493218020018813, 1.239911027913121, 0.6828586700948976, -2.3029856105502717, 2.399155415662073, 0.8386721172720086, -2.2006046379226536, 1.7404316984019461, -2.7704819936022984, -2.921319020941839, -3.073999162849459
20.153692190193766, 21.807746106735266, 19.995680607760114, 26.554824350512167, 23.696999730073404, 29.058828699673395, 32.694240072250906, 28.39543144712548, 22.193111934276892, 15.318541257395996, 0.5242000506818074, 1.1255029146313327, 1.6562714554415787, 2.1782553994187315, 2.085052879148207, 1.5948669722276254, 2.469626978267034, 1.2308962269995118, 0.6557100391827266, -2.309687553314724, 2.3956916950267675, 0.8680985568423839, -2.240856230381245, 1.7611965847273594, -2.7308531677357153, -2.8783231802754132, -3.0332210924361966
20.180950293874517, 21.969928084000845, 20.172036181243108, 26.335846455213876, 23.73528541993167, 28.995311948659875, 31.74501136551642, 28.660966191584798, 22.36884333313716, 15.840027430261445, 0.519560744924818, 1.1066174585478867, 1.709118012493615, 2.1336264984183266, 2.066844853256348, 1.6081296679618027, 2.4947134393865507, 1.236984280795045, 0.581679102025028, -2.284053096862002, 2.3402678295660535, 0.7500760262027951, -2.1944083315898912, 1.718947987210541, -2.7282356619342263, -2.9453816116413014, -2.981695808347576
20.194645408711576, 21.825450215456375, 20.078668134156956, 26.357192476624533, 23.632047555443773, 29.034283170396268, 31.69451788880891, 28.273803119057543, 22.26547917761318, 15.229027278054433, 0.5218807338486678, 1.1182512287142543, 1.6613009661505262, 2.1652174002013465, 2.046634276239252, 1.6086374387796223, 2.4745492165106358, 1.2323390034775428, 0.6735493771221948, -2.3071842882054368, 2.3773804403140417, 0.8250271738373685, -2.180234270340375, 1.723050524543068, -2.705650686162102, -2.9285709956758295, -3.1143079905980984
20.160468471409175, 21.9016250844243, 20.009062906853607, 26.35270969759468, 23.749206544607482, 29.1027239558604, 31.60141106388084, 28.247471351541556, 22.375179894413638, 15.309203524839964, 0.5137999246110448, 1.1090119811120842, 1.691315354671888, 2.1631395707671857, 2.070711485619201, 1.6284681962236507, 2.4582576466642814, 1.209744533414543, 0.6734468404183732, -2.261821377639598, 2.3335150016536037, 0.8022268248463374, -2.205913933708844, 1.7980799451465543, -2.7206023137435165, -2.9123269635830487, -3.1090382214757253
20.194105072928497, 21.798148240276664, 20.06962665406111, 26.93945908932451, 23.600308267190076, 29.046874203799533, 31.719986482340328, 28.697099508144476, 22.328881889701993, 15.103936903081314, 0.5230947084583326, 1.1277656313073685, 1.7032595887354791, 2.1321205957987353, 2.071794374489151, 1.619414182337334, 2.4761317534255065, 1.235575482007335, 0.6769821588824769, -2.3324218395539997, 2.4122429099305847, 0.7648082908954017, -2.150615288608792, 1.7148136597075008, -2.7149123783079014, -2.9124759791215573, -3.0551932309798127
20.199223733990532, 21.84494069503304, 20.103979153230693, 26.855501370945714, 23.662830269552057, 29.802969258961912, 32.062027683609486, 28.602421578999923, 22.331891785745, 14.807723381405564, 0.5217978334234422, 1.123105802922293, 1.690736656182713, 2.1468288502025588, 2.1209013309940397, 1.5497494615935035, 2.489937075898043, 1.2331711936037273, 0.6901150027886308, -2.3121257256066357, 2.4028427297615633, 0.7825161766459516, -2.1595231308218312, 1.6193665364472358, -2.7192435236973354, -2.858422394890297, -3.0309455741758136
20.211144782498735, 21.824032673767828, 19.99542943086592, 26.970982967621683, 23.5309729363031, 28.98256159857215, 31.684643539895006, 28.332648420129726, 22.289913941691676, 15.173488333158264, 0.5230190124615443, 1.126339025360423, 1.686882652113858, 2.1236780047139794, 2.0639375829269513, 1.6033899874654707, 2.4855488145791513, 1.2336610412760391, 0.6705518220740854, -2.304035329404852, 2.4094792926959334, 0.7523448499107105, -2.1362018506709846, 1.7232816957028232, -2.7097296766959724, -2.945451961490342, -3.091466430578702
20.220603169487102, 21.85640181776387, 20.227195730562702, 27.43695915182532, 22.993682325946864, 28.97007575076289, 31.38609501082457, 27.27504161841752, 22.20365653395895, 15.57111285500407, 0.5217731741040933, 1.122205131464515, 1.7218983345109118, 2.0882347860258257, 2.046988401801534, 1.6443230176946373, 2.3746305173887925, 1.2155281876463133, 0.6705995402153296, -2.3214557866240315, 2.4279521063600296, 0.7610553602667693, -2.1432745888139486, 1.6316407242330804, -2.7184375334155737, -2.874821127772277, -3.0895584100339244
20.173885412755325, 21.835127299812772, 20.077984781523, 26.540179648199068, 23.774211378686946, 29.8231921749582, 31.517847533357347, 28.326557043099328, 22.199090822098174, 16.140260662708123, 0.521638089566801, 1.1260715003250004, 1.677066163947411, 2.1645143841414898, 2.102646567192138, 1.5924999290687498, 2.4588656955391057, 1.2136882055580456, 0.5842560367429425, -2.315372890021767, 2.3748607700992848, 0.9197874183344324, -2.2603464373078292, 1.6401364199762278, -2.7841153186541012, -2.7989466364415865, -3.0001913096790322
20.08084425281246, 21.72336242667468, 21.545425115153236, 27.40065482569816, 23.584291285480585, 28.836240070321747, 32.26352111021943, 28.462463876269236, 22.3865628819771, 15.721385670001066, 0.5213270589734743, 1.1285341683254895, 1.7727312816182184, 2.093739753435482, 2.139401578748514, 1.6012825868361251, 2.480534768847461, 1.218053438549913, 0.6148597173571502, -2.258446167386967, 2.400212371655702, 0.8047782716069943, -2.144505896634713, 1.7047921437279356, -2.738769826693889, -2.864305559433056, -2.987145280223904
20.204097041908618, 22.042015752024547, 20.413252648518217, 27.549871003455536, 23.298869741308117, 29.096308311031297, 32.67276451574853, 28.258999589800062, 22.357397086347774, 15.263990384582662, 0.5183660735818466, 1.1166263945289712, 1.7268274427008146, 2.084150998027549, 2.0148078147047976, 1.6151033380840096, 2.452845294081365, 1.2440990314156253, 0.6605008622804741, -2.346297264793971, 2.3972988102345614, 0.7439862954448734, -2.1681917559942727, 1.730995026078008, -2.7699418210889735, -2.8558171186173875, -3.0475580338361676
20.187945365019637, 21.783326527426155, 20.00698228779788, 27.157195029772755, 23.823876991171108, 29.168027718726766, 31.926172858046783, 28.47774966490556, 22.34101793995598, 16.34417023440692, 0.5230726178825925, 1.1303893082421645, 1.6897537835583982, 2.1224541761590614, 2.0869639006880814, 1.6036938582371103, 2.463198623988793, 1.249086311273511, 0.5624364315268232, -2.3004024361301125, 2.4212969977589953, 0.7789886488943859, -2.1709294646729838, 1.696599033725653, -2.723775008587112, -2.94063416390507, -2.9162795657997704
20.217240672831718, 21.931226334768358, 20.107904584557637, 27.970028088716486, 24.203382734810152, 29.199903151057057, 31.44138823583814, 28.617009682593487, 22.272855254994155, 14.794141041774644, 0.5216999847634086, 1.1233065516713816, 1.7367141985103838, 2.0444096974862838, 2.09976125284445, 1.6155764869667733, 2.459699818974212, 1.2342509525876086, 0.6828104010207645, -2.321099616726447, 2.469716257128359, 0.7482106895903199, -2.1398081843665877, 1.6668605793917528, -2.6659831952438213, -2.895056694951714, -2.976341206618564
20.19138131680974, 21.864477194806497, 20.083602403552856, 26.866561174441255, 23.68284787299775, 29.012859913924885, 31.829325976312727, 28.502858564040896, 22.36206405454847, 16.278949026590407, 0.5224156954491345, 1.1212721577754132, 1.6768981597983337, 2.132031270781707, 2.076244818327601, 1.6169608906901052, 2.475428097289679, 1.2372919789400327, 0.5999500665990036, -2.3020600115116907, 2.389433775996503, 0.7674635031979578, -2.1767777511241313, 1.729573275576517, -2.746821234191776, -2.8913250320627957, -2.9483663015345045
20.18964818432563, 21.778825823023684, 20.14083228461587, 26.925309612185053, 23.6403863512233, 29.13589465054986, 31.739389641508875, 28.39029721287484, 22.27635794315929, 16.243840951067487, 0.5249317300594677, 1.1256449651085234, 1.7020630542792163, 2.134048758590981, 2.073385512892846, 1.6092515515290515, 2.479848206020659, 1.2365765632238448, 0.5947007851432974, -2.3344287520452736, 2.40006725867677, 0.7609299774611665, -2.166563109695292, 1.7309139517477874, -2.7342571346901554, -2.93640427982603, -2.980421057608479
20.07962380385335, 21.818926086735782, 20.677108182710928, 26.978477220357377, 23.598174940007926, 28.992598679197712, 32.0674543636209, 28.653194506962567, 22.31309276540429, 16.406912329743523, 0.5194843631942927, 1.1312511803949468, 1.6953788758266395, 2.1437222747644236, 2.0666690796538374, 1.5987752509684123, 2.48512455484641, 1.2460635553047017, 0.569257159962066, -2.326446167493127, 2.438027808506238, 0.8691301231570029, -2.150204918819698, 1.7260698925716103, -2.722804397549235, -2.9531563666337908, -2.929192133809765
20.213092878190718, 21.877685636944427, 20.02134913430034, 27.266175870417708, 23.514012802961748, 29.053225606080293, 31.791296200250084, 28.548469882390574, 22.377052538324566, 16.347710481861796, 0.5230722967755058, 1.1212824155032814, 1.6823954120691726, 2.097841793689513, 2.070793536405513, 1.6084168163977588, 2.4789054478780144, 1.2430115151722603, 0.5632831047247043, -2.310173735685195, 2.4263735037971013, 0.7386387251480651, -2.122822838239623, 1.7051504778045705, -2.7404987090523028, -2.9403310012819475, -2.921494724930929
20.21605220380412, 21.928120608974165, 19.968738767534845, 26.414312912824006, 23.84158318000887, 29.439794906956504, 31.596879277663643, 28.44752814749048, 22.308203330248467, 15.823859519176759, 0.5138159125401998, 1.1205904538626659, 1.6752578500303221, 2.232496338621941, 2.1032405250537325, 1.592274403678685, 2.4762341099604215, 1.2518357700226197, 0.6249199812655735, -2.256858473155677, 2.339074110717322, 0.959259837211106, -2.397935040669962, 1.6682841507695094, -2.699932217611917, -2.929321048619124, -2.9265470308608537
20.191800601714746, 21.838236058336896, 20.101271309832743, 26.97082728482248, 23.56205474981573, 28.944122423513104, 31.864305594661417, 28.48456964261828, 22.29417213080066, 15.516165702575137, 0.518332459088922, 1.121255117981239, 1.7108157803168973, 2.114217218767383, 2.065809041280057, 1.6005552813314659, 2.4854492761542475, 1.2167270556143754, 0.6482944651318114, -2.2796135557779866, 2.3530191374982405, 0.7351947473321024, -2.1616277875514753, 1.7223963190623248, -2.6990196174517234, -2.877829940965757, -3.01605174867173
20.138039973133484, 22.00377257456982, 20.362044907938913, 26.973896373710833, 23.63661050219963, 29.197867248066906, 31.425365968227553, 28.154937850615724, 22.504224205959666, 16.1021169692715, 0.5189266411077211, 1.1139722425331926, 1.7183863008534916, 2.1246912831840024, 2.132268019722893, 1.6108603840934486, 2.4542363640500224, 1.2426971430732294, 0.5439826548761554, -2.354140944625509, 2.401590097314058, 0.7797518919474761, -2.162300222441261, 1.6792328215324575, -2.750741211594595, -2.9366535825441833, -2.967578833805595
20.189762351198063, 21.847694218865634, 20.185641058265375, 27.60850899519489, 23.282461211168588, 28.932751868092932, 31.423364580847817, 28.27778616719884, 22.176031167340316, 14.891272808795797, 0.5281314769514671, 1.1229194235285622, 1.7356688317820028, 2.085629704961522, 2.0995458720762477, 1.6216753261443588, 2.476008566879846, 1.2208778472919488, 0.679917476138445, -2.3411648133519, 2.4510111612027985, 0.7587909691423279, -2.1536824443733145, 1.6295236712675432, -2.7779817453186415, -2.8372323426093002, -3.0782382705311866
20.18616736609057, 21.975630037562976, 20.119418465123594, 26.35310647856575, 23.67320468937212, 29.053157743928526, 31.927021035348393, 28.714407475456962, 22.262462841234786, 16.13660271023488, 0.5165930155496389, 1.1027749145831816, 1.6904512863423362, 2.1561229457673203, 2.060876454037997, 1.606157865165299, 2.495103752560856, 1.2272423703655921, 0.5837304361246127, -2.258496147549055, 2.352016829500036, 0.7688975767403864, -2.2000613321225493, 1.7308830286244612, -2.727618764193354, -2.9226063365472097, -2.9411649613337945
20.143782408245105, 21.896123858156383, 20.33017112988855, 27.741776399656786, 23.39295239729107, 29.1040377961945, 31.60203615946588, 28.603432750413383, 22.12692200529448, 15.799904847900379, 0.5152404500597928, 1.119589974030741, 1.7321353100977215, 2.059748793616918, 2.0271053294529757, 1.6191669802870414, 2.4664283009078733, 1.2395276738215681, 0.6286184291815914, -2.2958630167690064, 2.4109977892184236, 0.755197518283705, -2.156197447115788, 1.6818882492479816, -2.727817198659108, -2.915489245248754, -2.947871111360468
20.175828052892005, 21.953223457903945, 20.194217103080128, 27.068684185038272, 23.733557357205562, 29.47463440592209, 31.448985289130526, 28.28716583339837, 22.32429787906184, 14.556727566444629, 0.5185166542786125, 1.1049448012660508, 1.7021338609805317, 2.091479148885875, 2.102599865474082, 1.588136268881684, 2.4720477045663514, 1.2325367964843508, 0.6990788345843274, -2.2617993562600684, 2.377335038373096, 0.7357352959606752, -2.154616291073597, 1.6494209789028067, -2.7085225823029027, -2.899918309775892, -3.0780421237340776
20.247468353173943, 21.787216841545277, 20.052911009221265, 26.79410651677508, 23.72299358952392, 29.781645373247386, 32.122612051459306, 28.369823996928396, 22.286486369867973, 16.387123642436787, 0.523931360614886, 1.1237293145113858, 1.6924627665983358, 2.1542050189127813, 2.1186505329529424, 1.5429052815471613, 2.494570597593666, 1.2303186590851012, 0.5919609650051839, -2.3173487145899836, 2.413592393169056, 0.794464618731988, -2.168193408102558, 1.6284471015554414, -2.7137034310606998, -2.8688483302312267, -2.9939116656332576
20.18612168805041, 21.840475428090368, 20.049990631088832, 26.830200322523684, 23.70328751776993, 29.060868904434205, 31.687738847327445, 28.20466368402811, 22.310874129347198, 16.378778874544007, 0.5225697673741233, 1.1218751813829984, 1.6936369249813616, 2.1548914093248848, 2.0599916761060997, 1.600661378851847, 2.488735959658018, 1.2285319664316479, 0.5770230352584227, -2.30548852036299, 2.389959019817657, 0.7909581714691963, -2.208508566082149, 1.7173988752324596, -2.723558161158144, -2.922125273069296, -2.987486713402124
20.190633095386854, 21.95688427969759, 20.30768596578635, 27.030066224623365, 23.6605511550424, 29.224975867759635, 32.08649087926413, 28.399889232060875, 22.258674684634606, 16.20764123705132, 0.5130177880184874, 1.1183670248231194, 1.7209460543075403, 2.114782838984859, 2.0712184222742067, 1.5726615313296186, 2.4831737819509, 1.2431711955846754, 0.565912085863844, -2.2891467442564974, 2.3777606882905826, 0.7630228333692802, -2.1518037798665106, 1.6980186525215506, -2.7179871760537884, -2.9032565448582983, -2.943562193191692
20.228920975555646, 21.765052067642443, 19.892164049393163, 26.57582183632593, 23.612853418562185, 29.29628837208741, 31.619869650003963, 28.341881994748377, 22.328483219126596, 15.07219267358993, 0.5279685225269898, 1.119097217404423, 1.6716049651220521, 2.16555336481488, 2.0963744092304295, 1.5979486174617696, 2.453856400471195, 1.2298362046094735, 0.6338040826222835, -2.316687029443459, 2.412689838003908, 0.8450008652244524, -2.189198925161988, 1.6458589171004592, -2.6834710568598275, -2.87416418263011, -3.010000504731933
20.1478216015462, 21.875911933550217, 20.158522577401694, 27.03760043352422, 23.503871132078466, 29.622369733762618, 31.702660228689556, 28.354654403727416, 22.372155095246725, 14.715937317737597, 0.5147072816182422, 1.132915551959695, 1.730052648830556, 2.125727595974203, 2.1204601620586554, 1.5874209704876485, 2.457500661384174, 1.2270357128550367, 0.6751583995431316, -2.287134269818579, 2.3735396579964836, 0.7550668267034741, -2.1351745052720634, 1.6407434668501453, -2.7242160304676775, -2.8450071173393177, -3.092550525526094
20.217147145827845, 21.891997403183478, 19.965582928287468, 26.2647838101608, 23.811303870028834, 29.290832304348033, 31.501822495029444, 28.380457309593027, 22.219784080238878, 16.46186528418271, 0.5217808460429609, 1.1111502335967094, 1.6527506625632036, 2.1737358079233013, 2.1026783856498152, 1.582111715239922, 2.4820679356455484, 1.2264953207919156, 0.6006263003285518, -2.3025617084989967, 2.3882698756169325, 0.8445802251928852, -2.20680377041279, 1.6496703917156574, -2.695805608618988, -2.919388681076401, -2.97489234143038
20.15268056532432, 22.017212721406874, 20.25207157031685, 26.45852795144197, 23.73201989027504, 29.08371651878125, 31.647610453564322, 28.055348189214726, 22.21120429771227, 16.214806367166553, 0.5150805908584458, 1.1154903369474303, 1.6647742081645713, 2.200662449690769, 2.0801409276568776, 1.6098357448250438, 2.444117380006678, 1.2436841246745496, 0.5605765743014548, -2.313525857202677, 2.3762622453105906, 0.9463588607539628, -2.238004789780386, 1.7409213505815895, -2.697330297674552, -2.958887310589872, -2.9550662151503952
20.19299080860933, 21.848938758032645, 19.981134818188686, 26.95759921318351, 23.64425384838093, 29.551142238694, 31.453136242520024, 28.21220513179063, 22.323106543682513, 16.330159814165018, 0.5234915422337048, 1.1220371437706327, 1.6924058608619599, 2.1258205193261506, 2.091836751471596, 1.5770869453068288, 2.4885926825263285, 1.2303487176007728, 0.5940638735947864, -2.3083383901824406, 2.4142900968823082, 0.7535505988011794, -2.140251357647101, 1.6240239280854103, -2.7156022466239906, -2.907731480867782, -2.991963001854271
20.16639381941035, 21.90927376396984, 20.132045575585433, 26.882490166816858, 23.668025674714425, 29.0618263072522, 31.835710865722024, 28.345399092072267, 22.259679473806873, 16.355591211742208, 0.5196787828766535, 1.1184136385346573, 1.6776882063551672, 2.1378033871832596, 2.0807048238370767, 1.6071483862612599, 2.4818384439384107, 1.2281321435189554, 0.5947312462835633, -2.2918403438991635, 2.39200252963075, 0.7716204594759127, -2.190598527881868, 1.725399388274988, -2.7344735937527203, -2.8938840388430602, -2.9856817790420016
20.20923172141223, 21.746363889104416, 19.928129547963348, 26.49726422189961, 23.774225260649857, 29.343624888620177, 31.65669831470258, 28.594779440812825, 22.309815796778643, 15.834946175036626, 0.5217791990885288, 1.120868277544532, 1.665875180364356, 2.1665045276340447, 2.1067354780993237, 1.584808778415407, 2.476646509205383, 1.235190254837548, 0.6473285226987043, -2.337896089309669, 2.417960857646274, 0.8379471323171926, -2.1889694082295503, 1.6399972798102356, -2.680250526987471, -2.9161865603044523, -2.9837543726987206
20.117119297517196, 22.01122200061003, 20.07918014932716, 26.45680821306935, 23.640331953396956, 29.061973442113715, 31.68147676342945, 28.569540634805712, 22.370553385914885, 16.273284366823436, 0.5198278960033276, 1.1210108365105278, 1.6523117308223967, 2.179724452598956, 2.0664666249212713, 1.6097197489396387, 2.4777091660195136, 1.2327953470176667, 0.7772298410543887, -2.33246934322496, 2.381843071432856, 0.8800978815629323, -2.2144618175705757, 1.7277427181092289, -2.7080878121312706, -2.8941220203042284, -2.890447099362938
20.17723786601987, 21.789306411640926, 20.12384744815009, 27.57497685795881, 23.709061104766946, 29.79887246490698, 31.57404498421694, 28.374240994905218, 22.38393599115093, 16.249225729079313, 0.5217353952518202, 1.1341657655384734, 1.731640151434193, 2.089698304280017, 2.131706627122606, 1.56744279560874, 2.439044382944136, 1.2573883102350343, 0.7030965690275492, -2.3265639851717004, 2.4321882307290847, 0.7114043542109602, -2.088208498998896, 1.6485372820870279, -2.6778877879649277, -2.953668035547284, -2.8885147371609374
20.14414871701483, 21.90213580449994, 20.171997642409046, 26.47360223647785, 23.533790515127073, 29.322244920295535, 31.736350675943505, 28.584803244352685, 22.311846359625413, 16.40697195817272, 0.513398889506655, 1.1279306433699328, 1.7026203194653429, 2.16605618569802, 2.089095585531654, 1.5955726461355648, 2.4751006699368516, 1.243708570506664, 0.594346220165124, -2.312682182736867, 2.3722939070992886, 0.8188428395159046, -2.1894141904561817, 1.6755042897044876, -2.693996152196578, -2.927330610515297, -2.937636354181912
20.19478634405593, 21.828981134060903, 20.067908322072977, 26.952996248954488, 23.64143949365531, 29.067751711806622, 31.54868251524282, 28.541417098118796, 22.33814460425722, 14.849922682920138, 0.5225796692691886, 1.1220129945839845, 1.6779134070168182, 2.1270210599855206, 2.080873770184229, 1.6072948805164222, 2.4856412493013744, 1.2184575468724834, 0.6399745979265891, -2.305735246756413, 2.3981054762037073, 0.7829867684428011, -2.154881643600853, 1.7069656108599744, -2.7032831859697337, -2.9090565288509453, -3.0330252199138705
20.19523941997544, 21.865612267157967, 20.193756185156765, 26.324945452533647, 23.68785414133439, 29.116106294069144, 31.78029658611198, 28.170468297096146, 22.29366599211454, 16.482963292514317, 0.5197833920948437, 1.1055018467466298, 1.662081615156797, 2.1685663994638955, 2.0800005630136997, 1.6156293181751324, 2.463884085920542, 1.249317582446866, 0.5741992180410245, -2.2467214322068605, 2.3641956500444268, 0.8517973185500444, -2.2675526442942058, 1.7688188884199387, -2.7285849114515774, -2.953078490569908, -2.9438102623028564
20.184491508626714, 21.929643229896467, 20.170470169487892, 26.541212329678043, 23.659599189872893, 29.01864518098357, 32.017823548645154, 28.412307040993486, 22.443900163403942, 15.030060837428294, 0.5217477252690524, 1.1150750831144052, 1.6679922645204635, 2.1479763470921567, 2.168827447561922, 1.620929773061942, 2.4703273349282533, 1.2234258310964214, 0.670121581292497, -2.2997483283447835, 2.3785374875851133, 0.8398293229252494, -2.2279477809274666, 1.6068659704612525, -2.856369921014488, -2.8688315465546697, -3.050985044932442
20.20939676166436, 21.844871585327073, 20.117506511651214, 26.58673804395396, 23.685729398756727, 29.065439738311788, 31.816983222353784, 28.1950023668258, 22.319186556928642, 16.184429119690453, 0.5236351623977589, 1.1176412782347322, 1.6667674254955775, 2.1618455658010203, 2.0746529426366256, 1.6292481776171501, 2.456879532602593, 1.232985574791544, 0.606578340683679, -2.3146522243243615, 2.4006257795977404, 0.856192299957967, -2.2049948174349296, 1.729700094887083, -2.8266227041910863, -2.8152906635533284, -2.9922282456001588
20.19274480975107, 21.874564109186924, 20.013215648101756, 26.929942804312176, 23.72831210153417, 29.751260594465464, 31.383867631020756, 28.33175676530389, 22.284534977286693, 16.20631775080058, 0.5234662917850971, 1.1226948666003922, 1.6911746652268083, 2.130408001140807, 2.1265814421468985, 1.5661504883395552, 2.4846474610222105, 1.226655072153966, 0.5685659697189779, -2.312075006702219, 2.414886069167924, 0.7724139842096043, -2.1519889929943736, 1.6026899548752016, -2.7144286593626754, -2.9162901900101756, -2.9527236350800163
20.18593508534653, 21.905761952152343, 20.08621849812585, 27.219268833670114, 23.67588434072451, 28.918722987560102, 31.72517392743054, 28.15271240026695, 22.308818302069117, 16.309460830151345, 0.5199338236648072, 1.1204131720606747, 1.6589754709611302, 2.08465641955313, 2.0480816557163486, 1.6143904254783843, 2.4449337339453105, 1.2500194346486952, 0.5491854459714085, -2.3029004361853738, 2.4424929141499145, 0.7884584324318279, -2.1316720922656964, 1.6992915304086162, -2.6942059703270695, -2.9500955787185767, -2.9409597429378236
20.12109989628227, 21.946686655467488, 20.36415827195372, 26.586863879264683, 23.7081339031634, 28.944085062657035, 31.547837804458634, 28.52030421034336, 22.283202248924784, 15.194894781487843, 0.5142324328750774, 1.1212823396092906, 1.727058218758948, 2.175409357955902, 2.1191817464003417, 1.622649760107264, 2.47731943517302, 1.222469976868365, 0.633100410976636, -2.315596556133296, 2.3706712398703456, 0.8642247739557382, -2.2733082211639006, 1.7053014101717483, -2.7491147319939113, -2.87404005039884, -3.0118158563644744
20.19986572928836, 21.820376512286387, 20.076995864161173, 27.277893064194163, 23.47243229624894, 28.97802938729601, 31.922126732989923, 28.380305691254005, 22.27592495653296, 16.26627508869465, 0.5224749971044985, 1.1211703159703668, 1.6901369409602507, 2.0985774250516593, 2.0735929828591857, 1.6376469003856329, 2.4485048557645905, 1.2426669351714026, 0.6021752907188712, -2.295185354136516, 2.421974336275359, 0.7307508713193696, -2.1190366920195753, 1.718624657926788, -2.835822179452067, -2.8640247754818, -2.984116496222334
20.206724626100847, 21.903172449553388, 20.217119775414996, 26.92275031631449, 23.64684020657132, 29.81650596171743, 31.65489788063153, 27.921967725513188, 22.171875380181866, 16.201859082781674, 0.5202857815159776, 1.1136898231269379, 1.7133123189088748, 2.14119694972727, 2.1191391200824725, 1.5603607131149946, 2.4581669189414423, 1.2340990804623042, 0.5791536096450208, -2.307655697998078, 2.423657090901067, 0.7576305362548776, -2.1324040242791824, 1.5989464534743942, -2.755154532133609, -2.817465184232172, -3.0278084282028392
20.13646748327536, 21.863357440419716, 20.141777116334598, 26.404742019918352, 23.865413390915418, 29.185589633653674, 33.310226186452255, 28.187636716684832, 22.408738278560755, 16.174193823063764, 0.5172973266366867, 1.1142532054334005, 1.6881360957559248, 2.1352393396066156, 2.088022460323969, 1.5521405184617854, 2.464727243804245, 1.2413115738762492, 0.5472364116207094, -2.287968995194664, 2.341192110613539, 0.7824952768985104, -2.2245472929436154, 1.6031673331032927, -3.0675632453683854, -3.0033250897356045, -2.9656772568817837
20.195774755970174, 21.85011879445005, 20.008496566919113, 26.963563431958416, 23.65125232398648, 29.28309103745869, 31.42931180683244, 28.23761717803901, 22.297148546261468, 16.29298162136231, 0.5221715927523968, 1.124751865452985, 1.6855927350170925, 2.1380689256112744, 2.106219786460184, 1.584294403816051, 2.4879911214076262, 1.2261973142569125, 0.5810933870999792, -2.312103626736538, 2.4092026167184475, 0.7785776297444518, -2.1635914261821974, 1.6462038215523962, -2.70043529924727, -2.914096355483416, -3.012946391854777
20.21238284000192, 21.87067139056168, 20.10391972003015, 26.595119147999114, 23.40422158516491, 29.678482822206043, 31.578125872196306, 28.691182791286998, 22.339039664439014, 16.164337529783392, 0.5216662191476149, 1.118465536319288, 1.6720994813775782, 2.137926351208642, 2.1162136716344127, 1.580948529836808, 2.4857791258061264, 1.230402182485279, 0.6127186637895699, -2.301248389217104, 2.389200184446552, 0.762006595627912, -2.110000721390345, 1.715034778910857, -2.6947055154657376, -2.902749018379724, -2.929500178753945
20.1988206724148, 21.98171593472565, 20.007230473566622, 26.40498158437936, 23.63744996723997, 29.05673069993892, 32.005365992573886, 28.381713163950128, 22.3106210294538, 15.072990788104962, 0.5217920591667117, 1.1160870305644202, 1.6647459273490113, 2.1765461368109738, 2.0700657988052327, 1.6043087694441192, 2.4558790329792197, 1.2597031671693928, 0.6709784608552086, -2.2958248598941515, 2.383713045718559, 0.8304479617550877, -2.20570858547759, 1.7220235015435503, -2.7207961775815583, -2.917276481070363, -3.0283885604459218
20.153523374129673, 21.90617339807795, 19.984692447379445, 26.970577870913964, 23.594688456552483, 29.05301450316911, 31.68791553058235, 28.499587195049802, 22.367911066367938, 16.314196981535602, 0.5184158642107561, 1.123254785858564, 1.661225988130304, 2.1239498162755597, 2.067917744238815, 1.6127044751283002, 2.480896102798609, 1.2026641722997844, 0.5821562864186813, -2.303868977266016, 2.4033570090933725, 0.778195788300091, -2.155341322245301, 1.7352649971312486, -2.7535740790639367, -2.860316732425888, -3.004869015723957
20.192677058654063, 22.027967206761364, 20.230999833146505, 26.3254864561469, 23.734060034305973, 29.692212900052432, 31.641718972914866, 28.129395912670006, 22.27574453642028, 15.624072598482222, 0.5170756275274768, 1.1099872976403868, 1.684361168682689, 2.1612413370570627, 2.109533768228783, 1.5667667441268989, 2.443213984382605, 1.2582155558584913, 0.6306400653812859, -2.2818442265106187, 2.3447715098771185, 0.832982003219634, -2.1856713020746206, 1.581111826385183, -2.63467417549824, -2.9145648659092487, -2.971893154383596
20.204479651365013, 21.7868744604563, 20.126785410980457, 26.85410183004892, 23.668707899000843, 29.385316881893853, 31.673571301249012, 28.139683603816607, 22.268201688841476, 16.04405947752383, 0.5249647285466168, 1.1214075580177976, 1.6932215281954015, 2.1328332793633393, 2.100518718985022, 1.5876724140721796, 2.469464287429566, 1.2388943562490902, 0.6095176087495732, -2.3232395692207595, 2.4094539262951318, 0.7728129636220595, -2.1533925418000717, 1.6416422856638606, -2.7463961359398668, -2.8539555479483307, -3.016716487448667
20.204658933579946, 21.690027423590596, 19.939122476424107, 27.084589849327124, 23.540375242198653, 29.447063891827078, 31.789632778313482, 28.233243004416003, 22.450181728034675, 15.103916058506748, 0.5265301790779585, 1.1305910711090585, 1.678496047737289, 2.109910942154603, 2.073428014760423, 1.574101591455376, 2.487923693549413, 1.2610575686753636, 0.6658794998492634, -2.3192903244728003, 2.4007040461917044, 0.7559997980090903, -2.0777590619290875, 1.6709961121122774, -2.705346131963432, -2.950366069353867, -3.040203332534508
20.195154805176287, 21.80321100274189, 20.103007718865875, 26.31162328151591, 23.728550922389363, 29.635863752244124, 32.163902737443784, 28.689378289962345, 22.291459247338253, 16.378039927877545, 0.5235182470744525, 1.1194590854793403, 1.6623681896017184, 2.1675717300070954, 2.1212779274750377, 1.5440715082723293, 2.493798005646935, 1.2528298038194392, 0.5647993371475599, -2.3098160486803634, 2.3695499019096324, 0.8436975983903574, -2.1740757000913984, 1.607462531191772, -2.6666758036769966, -2.963768643470634, -2.899621426630249
20.171268569421468, 21.82684605530374, 19.984013659014472, 26.82764848630541, 23.67135938730486, 29.062591523154687, 31.78844484512047, 28.34346200364625, 22.173095070764344, 16.284424204333753, 0.522522758890234, 1.1223910176600858, 1.6656136769185792, 2.138867963406088, 2.0839769128678682, 1.5988870906283437, 2.4921913565202476, 1.2333922269356197, 0.5807661736172641, -2.3053753062629236, 2.394100097643348, 0.7770188039212577, -2.1847032051246282, 1.7076474406419202, -2.7239262473345445, -2.9337179261565938, -2.984669241310943
20.099342973736697, 21.973811495006938, 20.213428181524606, 26.833848651619242, 23.66440261239717, 28.950094773111488, 32.020242919282644, 28.67171098694694, 22.218867423858352, 14.715856264036898, 0.5167097845533578, 1.1258976871062492, 1.7305154144246215, 2.125043292700303, 2.0586485557505267, 1.6087273516771396, 2.4931966461386086, 1.2383964385323316, 0.6987731847918267, -2.346124156219686, 2.381801650937026, 0.7878260663230359, -2.179993099358683, 1.7397339208936051, -2.708291972620673, -2.8800499932649615, -3.0079230906870227
